Código,Nome,Nível,Nota,Sigla,Modalidade,Região,Num Anos,Média Docentes,Por docente quadriênio,Por ano,Total,Por docente quadrienal,Por ano,Total,iRestrito,Igeral,iRestrito,Igeral,iRestrito,Igeral,iRestrito,Igeral,A1,A2,A3,A4,B1,B2,B3,B4,C,A1,A2,A3,A4,B1,B2,B3,B4,C,iRestrito,Igeral,iRestrito,Igeral,iRestrito,Igeral,iRestrito,Igeral,A1,A2,A3,A4,B1,B2,B3,B4,C,A1,A2,A3,A4,B1,B2,B3,B4,C
33002045004P1,CIÊNCIAS DA COMPUTAÇÃO E MATEMÁTICA COMPUTACIONAL,ME/DO,7,USP/SC,ACADEMICO,SE,4,62.75,3.1,48.3,193,2.4,37.8,151,8.67,9.02,2176.38,2263.58,1384.13,1406.33,792.25,857.25,270,118,40,59,31,28,5,12,20,83,55,139,187,103,30,47,56,161,6.32,6.61,1585.88,1659.13,896.50,911.50,689.38,747.63,172,76,30,44,20,21,3,10,14,64,49,124,156,93,29,36,47,136
25001019004P6,CIÊNCIAS DA COMPUTAÇÃO,ME/DO,7,UFPE,ACADEMICO,NE,4,74,2.5,45.5,182,3.6,66.8,267,6.35,6.48,1880.63,1918.83,820.25,835.50,1060.38,1083.33,158,68,40,46,18,21,18,5,35,101,89,101,150,31,12,22,57,80,4.87,4.97,1440.38,1470.83,569.50,583.20,870.88,887.63,119,46,28,34,16,20,16,2,33,86,73,81,122,22,8,19,45,51
42001013004P4,COMPUTAÇÃO,ME/DO,7,UFRGS,ACADEMICO,S,4,54.25,1.6,21.3,85,3.0,40.3,161,8.43,8.58,1829.63,1861.43,1064.50,1071.75,765.13,789.68,140,98,43,36,10,7,8,1,9,103,57,125,100,37,11,23,31,52,6.51,6.62,1412.50,1435.85,771.50,775.85,641.00,660.00,106,71,28,23,6,4,5,1,7,89,47,104,91,28,11,15,26,34
31001017004P3,ENGENHARIA DE SISTEMAS E COMPUTAÇÃO,ME/DO,7,UFRJ/COPPE,ACADEMICO,SE,4,35,2.3,20.0,80,3.3,28.5,114,7.17,7.37,1004.13,1031.63,817.50,826.90,186.63,204.73,83,78,38,22,13,13,3,0,16,8,13,36,58,20,21,23,32,47,4.39,4.54,614.25,635.15,478.00,485.00,136.25,150.15,48,46,14,18,11,6,3,0,8,5,9,31,45,15,18,15,26,22
31003010046P4,COMPUTAÇÃO,ME/DO,6,UFF,ACADEMICO,SE,4,40,1.7,16.8,67,3.2,31.8,127,7.45,7.63,1192.38,1221.13,804.38,813.73,388.00,407.40,65,79,31,24,15,9,0,1,10,26,25,76,133,19,14,24,94,69,4.68,4.80,748.63,768.03,469.13,474.68,279.50,293.35,44,45,21,16,9,5,0,1,2,16,18,55,100,13,10,20,67,45
33003017005P8,CIÊNCIA DA COMPUTAÇÃO,ME/DO,7,UNICAMP,ACADEMICO,SE,4,44.75,1.4,16.0,64,3.7,41.5,166,10.30,10.55,1844.00,1888.25,1104.00,1118.35,740.00,769.90,183,98,50,22,23,10,7,3,13,82,56,113,122,42,23,21,44,75,7.69,7.85,1377.13,1405.98,806.88,813.28,570.25,592.70,124,73,35,14,10,5,4,0,9,74,41,94,99,32,16,16,33,53
42005019016P8,CIÊNCIA DA COMPUTAÇÃO,ME/DO,6,PUC/RS,ACADEMICO,S,4,23,2.6,15.0,60,4.4,25.5,102,10.48,10.79,964.25,992.25,413.00,420.10,551.25,572.15,38,38,27,28,10,8,4,2,1,67,38,91,126,29,14,21,30,57,7.51,7.77,690.88,714.68,237.50,243.00,453.38,471.68,24,21,22,17,7,8,3,2,1,58,31,77,100,25,12,21,26,48
31005012004P9,INFORMÁTICA,ME/DO,7,PUC-RIO,ACADEMICO,SE,4,23.25,2.6,15.0,60,5.0,29.0,116,10.48,10.74,974.75,998.40,607.25,616.45,367.50,381.95,80,55,23,35,13,12,2,2,6,26,25,92,81,22,7,11,19,61,6.24,6.42,580.25,596.80,303.25,308.00,277.00,288.80,32,29,11,9,7,5,2,1,3,18,18,74,70,18,5,10,16,49
32001010004P6,CIÊNCIAS DA COMPUTAÇÃO,ME/DO,7,UFMG,ACADEMICO,SE,4,53.75,1.1,14.5,58,4.2,56.5,226,11.09,11.29,2384.88,2427.43,1216.88,1229.93,1168.00,1197.50,177,111,43,36,21,10,4,3,10,135,93,96,217,44,11,23,60,76,8.14,8.28,1749.50,1780.30,768.63,776.73,980.88,1003.58,108,71,19,26,15,2,1,2,8,112,78,83,183,34,9,14,50,55
33002010176P0,CIÊNCIA DA COMPUTAÇÃO,ME/DO,6,USP/SP,ACADEMICO,SE,4,31.75,1.8,14.3,57,2.9,23.3,93,7.97,8.14,1011.75,1033.80,848.75,854.95,163.00,178.85,102,79,45,19,8,7,7,2,6,27,9,49,31,17,17,21,37,58,3.29,3.39,417.88,430.33,305.38,306.33,112.50,124.00,39,28,18,7,0,3,3,1,2,17,6,38,22,15,9,13,18,36
40001016034P5,INFORMÁTICA,ME/DO,5,UFPR,ACADEMICO,S,4,30,1.7,13.0,52,4.0,30.3,121,8.77,9.02,1052.13,1082.48,501.25,509.55,550.88,572.93,67,46,13,26,14,5,2,2,8,69,37,123,98,31,14,10,55,65,6.11,6.28,733.63,753.88,328.38,332.78,405.25,421.10,41,31,8,10,7,3,2,2,5,49,26,99,82,21,13,7,41,58
24009016005P0,CIÊNCIA DA COMPUTAÇÃO,ME/DO,4,UFCG,ACADEMICO,NE,4,34.25,1.5,13.0,52,2.0,17.3,69,5.07,5.18,694.88,709.43,264.50,269.75,430.38,439.68,27,25,10,13,8,5,2,1,5,17,36,86,47,14,2,11,16,14,3.43,3.52,470.13,481.63,141.25,145.60,328.88,336.03,17,13,6,7,7,4,0,1,4,9,28,66,35,12,1,4,11,4
12001015012P2,INFORMÁTICA,ME/DO,5,UFAM,ACADEMICO,N,4,24.5,1.8,11.0,44,3.7,22.8,91,6.40,6.58,627.25,644.70,273.38,277.08,353.88,367.63,36,24,15,21,5,5,1,2,10,22,20,150,67,19,6,12,37,46,4.53,4.68,444.13,458.28,196.25,199.25,247.88,259.03,17,18,11,18,5,2,1,0,8,15,12,126,51,18,3,8,15,31
23001011022P9,SISTEMAS E COMPUTAÇÃO,ME/DO,5,UFRN,ACADEMICO,NE,4,27,1.4,9.8,39,3.0,20.0,80,6.39,6.62,689.63,714.88,327.75,334.95,361.88,379.93,51,29,15,13,7,12,9,8,11,26,27,80,58,27,9,9,37,49,4.31,4.44,465.13,479.93,171.75,175.85,293.38,304.08,24,15,12,9,2,9,9,8,8,24,22,63,43,16,4,5,28,33
32006012017P2,CIÊNCIA DA COMPUTAÇÃO,ME/DO,4,UFU,ACADEMICO,SE,4,29.5,1.3,9.5,38,2.2,16.3,65,7.24,7.39,854.38,872.43,352.75,359.75,501.63,512.68,50,32,10,18,8,13,3,2,7,20,42,91,65,12,6,14,49,26,4.43,4.52,522.50,533.75,151.88,156.33,370.63,377.43,19,14,4,9,7,3,3,1,3,16,31,71,42,7,4,8,34,14
40003019004P1,INFORMÁTICA,ME/DO,5,PUC/PR,ACADEMICO,S,4,13.5,2.7,9.3,37,2.7,9.3,37,8.47,8.64,457.13,466.53,190.63,192.43,266.50,274.10,39,16,7,7,2,4,0,0,1,28,21,52,21,13,4,1,4,8,6.57,6.69,354.88,361.18,144.50,145.70,210.38,215.48,25,13,3,3,2,1,0,0,0,17,17,40,20,8,4,1,4,6
22001018031P5,CIÊNCIAS DA COMPUTAÇÃO,ME/DO,5,UFC/For,ACADEMICO,NE,4,27.25,1.3,9.0,36,3.4,23.3,93,6.34,6.54,691.13,713.18,384.88,392.18,306.25,321.00,41,36,25,9,13,4,0,0,9,19,22,56,80,21,4,9,51,39,5.12,5.29,558.13,576.13,262.38,266.78,295.75,309.35,27,25,13,6,8,2,0,0,7,16,22,51,74,20,3,9,42,36
33001014008P4,CIÊNCIA DA COMPUTAÇÃO,ME/DO,4,UFSCAR/SC,ACADEMICO,SE,4,31,1.2,9.0,36,3.8,29.3,117,7.27,7.54,901.50,935.55,512.88,522.83,388.63,412.73,95,44,19,21,14,11,7,1,12,41,27,89,66,35,12,14,56,80,4.11,4.30,510.25,533.05,246.50,252.70,263.75,280.35,37,22,9,12,10,6,0,0,5,20,19,61,47,25,7,8,38,34
31001017110P8,INFORMÁTICA,ME/DO,4,UFRJ/NCE,ACADEMICO,SE,4,26.75,1.3,8.5,34,2.5,17.0,68,6.80,6.90,728.13,738.63,532.38,536.93,195.75,201.70,42,53,15,14,1,16,5,7,8,4,15,34,53,3,10,7,35,70,2.79,2.84,298.13,304.38,155.75,157.75,142.38,146.63,22,14,6,8,0,8,2,4,2,1,11,30,34,2,7,6,25,48
41001010025P2,CIÊNCIAS DA COMPUTAÇÃO,ME/DO,5,UFSC,ACADEMICO,S,4,25.5,1.2,7.8,31,3.0,19.3,77,7.38,7.64,752.50,778.85,331.38,338.83,421.13,440.03,47,28,22,31,10,9,6,1,7,16,35,51,90,30,12,4,22,62,5.02,5.20,512.25,530.75,193.88,199.63,318.38,331.13,31,16,12,19,8,6,5,1,5,10,26,41,75,20,9,2,15,34
30001013007P0,INFORMÁTICA,ME/DO,4,UFES,ACADEMICO,SE,4,26.25,1.0,6.8,27,2.9,19.0,76,4.47,4.63,469.63,486.18,251.75,253.50,217.88,232.68,43,22,8,12,2,2,2,3,1,35,11,72,50,18,10,19,38,53,2.70,2.79,283.88,293.03,131.00,132.05,152.88,160.98,24,11,5,9,1,2,1,1,0,32,7,50,34,8,8,15,20,29
51001012028P6,CIÊNCIA DA COMPUTAÇÃO - UFMS - UFG,DO,4,UFMS-UFG,ACADEMICO,CO,4,21.5,1.2,6.5,26,0.0,0.0,0,8.29,8.50,712.88,731.03,366.88,376.88,346.00,354.15,69,31,22,10,16,8,2,4,6,21,32,38,20,10,4,7,33,38,0.84,0.90,71.88,76.98,23.88,26.68,48.00,50.30,4,2,2,1,5,1,0,2,1,5,4,5,6,3,1,1,10,8
22002014002P1,INFORMÁTICA APLICADA,ME/DO,4,UNIFOR,ACADEMICO,NE,4,16,1.6,6.3,25,4.4,17.5,70,7.64,7.87,489.25,503.75,395.25,402.00,94.00,101.75,44,37,23,9,5,21,0,1,8,8,6,17,32,13,2,1,15,48,6.08,6.26,389.38,400.53,305.13,311.08,84.25,89.45,33,29,13,8,5,17,0,1,6,6,6,15,22,8,2,1,14,34
42003016038P9,COMPUTAÇÃO,ME/DO,4,UFPEL,ACADEMICO,S,4,19.5,1.1,5.5,22,2.8,13.5,54,6.75,7.12,526.88,554.98,270.88,273.78,256.00,281.20,21,25,24,16,3,4,5,2,5,44,14,47,84,38,14,12,44,61,5.20,5.46,405.88,426.23,176.88,178.18,229.00,248.05,14,16,17,13,0,4,4,2,1,34,14,36,70,28,13,9,31,44
28001010095P3,CIÊNCIA DA COMPUTAÇÃO,ME/DO,4,UFBA,ACADEMICO,NE,4,28,0.6,4.0,16,3.6,25.0,100,6.14,6.37,687.88,713.33,359.38,365.93,328.50,347.40,54,33,5,14,10,3,7,5,8,20,22,61,108,33,4,6,20,55,3.75,3.91,420.13,438.28,182.38,185.78,237.75,252.50,25,17,2,8,4,3,6,4,3,8,16,52,78,25,4,5,19,38
53001010054P6,INFORMÁTICA,ME/DO,5,UNB,ACADEMICO,CO,4,26.25,0.6,3.8,15,2.6,17.0,68,7.89,8.08,828.75,848.80,487.63,491.98,341.13,356.83,49,46,28,15,5,8,1,3,12,44,23,64,72,24,3,13,36,46,4.25,4.38,446.38,460.08,248.88,250.98,197.50,209.10,19,24,15,9,3,3,0,0,8,18,14,32,50,19,2,9,16,28
31021018009P9,INFORMÁTICA,ME/DO,4,UNIRIO,ACADEMICO,SE,4,15,0.9,3.5,14,4.9,18.5,74,5.83,6.27,349.75,376.20,127.25,133.60,222.50,242.60,18,11,3,15,5,18,2,1,8,12,15,54,59,32,4,18,30,53,2.95,3.18,176.88,191.03,23.38,26.38,153.50,164.65,10,1,1,6,1,12,1,0,3,7,10,37,48,18,0,12,19,37
15001016047P9,CIÊNCIA DA COMPUTAÇÃO,ME/DO,4,UFPA,ACADEMICO,N,4,19.5,0.7,3.3,13,3.7,18.3,73,10.39,10.92,810.25,851.50,390.25,394.85,420.00,456.65,64,33,27,21,6,5,5,2,12,32,35,59,53,42,18,84,73,69,4.37,4.69,340.50,366.10,131.63,133.23,208.88,232.88,15,12,6,9,2,2,2,0,5,12,17,33,34,28,14,58,28,19
42007011006P5,COMPUTAÇÃO APLICADA,ME/DO,4,UNISINOS,ACADEMICO,S,4,13.25,0.9,3.0,12,7.4,24.5,98,12.19,12.46,646.00,660.55,442.38,451.13,203.63,209.43,80,37,17,34,9,13,14,5,15,20,14,35,53,9,0,3,20,42,7.37,7.62,390.75,403.75,287.00,294.75,103.75,109.00,57,24,6,20,9,11,9,3,11,11,5,27,45,9,0,2,11,26
32007019023P9,CIÊNCIA DA COMPUTAÇÃO,ME/DO,4,UFOP,ACADEMICO,SE,4,16,0.7,2.8,11,2.5,10.0,40,6.99,7.18,447.13,459.73,302.25,307.45,144.88,152.28,50,27,11,7,8,3,6,0,2,18,6,39,71,10,4,2,28,23,4.02,4.11,257.50,263.20,171.75,174.45,85.75,88.75,18,17,3,1,5,0,2,0,1,9,4,20,42,5,0,0,10,10
33144010008P1,CIÊNCIA DA COMPUTAÇÃO,ME/DO,4,UFABC,ACADEMICO,SE,4,36.5,0.2,2.0,8,1.5,13.8,55,3.56,3.63,519.50,530.65,389.63,395.38,129.88,135.28,52,35,26,12,9,5,0,5,11,12,7,41,40,5,4,6,30,68,0.66,0.67,96.88,98.48,34.88,34.93,62.00,63.55,13,2,3,3,0,0,0,1,2,5,3,23,21,1,1,3,11,20
28001010061P1,CIÊNCIA DA COMPUTAÇÃO,DO,4,UFBA-UNIFACS,ACADEMICO,NE,4,7.25,1.1,2.0,8,0.0,0.0,0,5.73,6.01,166.13,174.33,61.50,62.35,104.63,111.98,14,5,0,5,1,1,1,1,1,0,9,13,24,12,1,2,19,17,1.51,1.68,43.75,48.75,17.13,17.33,26.63,31.43,7,1,0,2,0,1,0,0,1,0,2,6,7,9,0,0,6,3
33009015079P0,CIÊNCIA DA COMPUTAÇÃO,ME/DO,4,UNIFESP,ACADEMICO,SE,4,21,0.2,1.3,5,1.3,6.8,27,5.51,5.57,463.00,468.15,286.63,288.53,176.38,179.63,83,21,18,6,2,4,0,2,2,32,12,28,27,3,2,4,19,17,1.85,1.86,155.50,156.25,91.13,91.18,64.38,65.08,18,8,2,1,0,0,0,1,0,11,4,13,13,1,0,0,4,4
51001012012P2,CIÊNCIA DA COMPUTAÇÃO,ME/DO,4,UFMS,ACADEMICO,CO,4,19.75,0.1,0.5,2,2.2,10.8,43,4.37,4.47,344.88,352.93,262.75,267.05,82.13,85.88,50,23,9,3,5,8,0,4,1,16,5,14,18,3,3,4,25,9,1.68,1.70,133.00,134.35,83.00,84.00,50.00,50.35,12,8,0,0,1,2,0,2,0,5,4,6,8,0,0,0,7,4
32008015011P7,INFORMÁTICA,ME/DO,4,PUC/MG,ACADEMICO,SE,4,11.5,0.1,0.3,1,3.9,11.3,45,9.32,9.54,428.88,439.03,167.13,172.93,261.75,266.10,14,16,9,7,7,9,4,2,6,5,24,30,34,4,1,10,23,9,6.82,6.97,313.50,320.55,98.25,102.15,215.25,218.40,10,9,7,5,5,5,3,2,4,5,20,22,26,3,0,7,19,5
52001016027P2,CIÊNCIA DA COMPUTAÇÃO,ME/DO,4,UFG,ACADEMICO,CO,4,31.75,0.0,0.0,0,3.2,25.5,102,5.16,5.32,655.38,675.03,243.63,255.33,411.75,419.70,32,22,11,13,18,8,6,10,13,21,36,45,60,9,7,7,27,81,3.47,3.58,441.00,454.05,99.38,107.23,341.63,346.83,14,9,4,4,13,3,5,5,4,11,32,33,35,6,3,6,20,37
33004153073P2,CIÊNCIA DA COMPUTAÇÃO,ME/DO,4,UNESP-SJRP,ACADEMICO,SE,4,19.25,0.0,0.0,0,4.3,20.8,83,8.10,8.32,623.50,640.30,432.63,441.48,190.88,198.83,78,38,14,11,13,9,5,1,12,29,11,39,56,11,4,3,27,28,4.26,4.38,328.00,337.50,192.25,197.30,135.75,140.20,19,19,2,5,8,4,2,1,4,16,9,29,29,6,4,1,11,17
21001014031P2,CIÊNCIA DA COMPUTAÇÃO,ME,3,FUFPI,ACADEMICO,NE,4,14.5,0.0,0.0,0,4.3,15.8,63,10.52,10.72,610.38,621.78,294.13,298.83,316.25,322.95,20,29,14,10,5,7,5,6,3,11,30,27,30,10,0,2,30,38,4.78,4.90,277.13,284.38,87.38,89.13,189.75,195.25,11,8,3,5,0,6,4,3,0,8,17,17,29,9,0,0,20,22
42004012022P1,COMPUTAÇÃO,ME,3,FURG,ACADEMICO,S,4,19.75,0.0,0.0,0,4.3,21.0,84,5.88,6.33,464.50,500.10,247.25,253.85,217.25,246.25,35,21,17,21,7,8,14,2,13,14,15,71,27,48,9,3,58,148,3.43,3.66,271.00,288.75,107.38,109.43,163.63,179.33,16,9,7,10,2,3,4,1,7,10,12,47,19,27,2,2,32,69
42002010036P3,CIÊNCIA DA COMPUTAÇÃO,ME,3,UFSM,ACADEMICO,S,4,30.75,0.0,0.0,0,3.5,27.3,109,3.46,3.61,425.88,444.28,122.00,129.60,303.88,314.68,17,9,11,27,12,6,2,4,7,13,24,48,67,17,5,2,22,41,1.98,2.06,243.75,253.30,51.88,55.18,191.88,198.13,6,4,3,13,5,3,1,2,4,7,14,35,55,10,1,2,17,27
33002010214P0,SISTEMAS DE INFORMAÇÃO,ME/DO,4,USP/EACH,ACADEMICO,SE,4,17.75,0.0,0.0,0,4.9,21.8,87,7.14,7.38,506.88,523.73,302.25,306.65,204.63,217.08,41,27,13,19,3,10,8,2,11,21,12,47,67,17,5,13,33,44,3.32,3.46,235.88,245.93,111.63,113.98,124.25,131.95,17,10,2,7,1,5,8,1,5,14,7,30,41,10,4,9,20,20
32005016034P8,CIÊNCIA DA COMPUTAÇÃO,ME,3,UFJF,ACADEMICO,SE,4,12.75,0.0,0.0,0,5.3,16.8,67,9.11,9.41,464.75,479.80,169.88,174.98,294.88,304.83,29,14,8,17,4,10,11,0,6,11,24,52,51,13,8,2,33,41,4.40,4.57,224.50,232.95,56.25,58.75,168.25,174.20,12,4,5,8,2,4,7,0,3,4,12,42,42,7,6,1,23,20
22008012004P2,CIÊNCIA DA COMPUTAÇÃO,ME,3,IFCE,ACADEMICO,NE,4,16.5,0.0,0.0,0,3.1,12.8,51,6.17,6.37,407.00,420.15,302.50,307.85,104.50,112.30,49,27,11,9,6,9,5,1,9,22,4,31,38,10,1,9,34,26,3.33,3.43,219.75,226.20,145.50,146.30,74.25,79.90,24,13,4,5,0,2,4,0,2,12,3,25,27,9,1,2,15,13
20001010022P0,CIÊNCIA DA COMPUTAÇÃO,ME,3,UFMA,ACADEMICO,NE,4,13.25,0.0,0.0,0,4.5,14.8,59,7.01,7.19,371.75,381.15,230.63,233.68,141.13,147.48,22,22,7,13,2,6,6,5,22,3,8,42,57,8,1,5,33,63,4.06,4.15,215.38,219.98,140.13,141.48,75.25,78.50,13,14,3,1,1,2,4,1,8,3,4,24,30,4,0,3,19,31
53001010098P3,COMPUTAÇÃO APLICADA,MP,3,UNB,PROFISSIONAL,CO,4,22.25,0.0,0.0,0,4.4,24.3,97,4.49,4.70,399.25,417.90,116.50,126.00,282.75,291.90,11,10,9,16,13,14,2,0,22,17,21,60,55,11,5,17,19,59,2.12,2.19,188.75,194.90,54.75,57.25,134.00,137.65,4,5,1,9,4,2,1,0,12,5,11,26,19,3,4,8,11,28
22003010018P1,CIÊNCIA DA COMPUTAÇÃO,ME/DO,4,UECE,ACADEMICO,NE,4,12,0.0,0.0,0,4.4,13.3,53,5.27,5.47,252.88,262.53,77.50,79.55,175.38,182.98,5,8,2,0,1,6,3,1,8,6,15,35,16,11,1,5,28,24,3.92,4.07,188.25,195.30,29.38,30.38,158.88,164.93,2,3,1,0,0,4,2,0,4,4,14,30,13,9,0,3,25,16
40002012033P5,CIÊNCIA DA COMPUTAÇÃO,ME,3,UEL,ACADEMICO,S,4,10,0.0,0.0,0,4.6,11.5,46,5.94,6.18,237.75,247.10,152.50,156.85,85.25,90.25,25,13,12,5,5,9,0,1,4,3,5,13,45,6,1,14,8,12,4.61,4.78,184.25,191.30,107.25,109.85,77.00,81.45,19,9,7,5,2,8,0,0,2,3,5,7,39,6,0,11,7,10
24001015047P4,INFORMÁTICA,ME,4,UFPB-JP,ACADEMICO,NE,4,15.5,0.0,0.0,0,5.2,20.0,80,8.09,8.34,501.88,517.03,397.50,405.45,104.38,111.58,40,38,12,18,12,4,10,3,7,1,7,15,48,8,6,6,28,44,2.74,2.80,170.13,173.78,120.75,121.00,49.38,52.78,8,12,5,4,0,1,0,1,1,0,3,7,28,4,2,2,16,17
25004018011P1,ENGENHARIA DA COMPUTAÇÃO,ME/DO,4,UPE,ACADEMICO,NE,4,14.25,0.0,0.0,0,5.6,20.0,80,7.07,7.48,403.00,426.35,202.75,210.20,200.25,216.15,41,15,19,23,2,17,28,5,15,31,15,24,29,11,40,7,34,64,2.84,3.08,161.75,175.80,65.25,68.50,96.50,107.30,13,4,9,16,1,8,11,1,7,21,6,18,14,8,28,3,18,24
32002017027P2,CIÊNCIA DA COMPUTAÇÃO,ME/DO,4,UFV,ACADEMICO,SE,4,13.5,0.0,0.0,0,4.1,13.8,55,8.36,8.69,451.63,469.38,166.38,168.93,285.25,300.45,39,13,6,12,2,6,2,3,4,27,24,22,46,26,4,2,24,13,2.91,3.11,157.13,168.13,54.13,55.08,103.00,113.05,12,4,3,7,1,2,0,1,3,14,7,15,25,18,2,1,11,7
40004015019P5,CIÊNCIA DA COMPUTAÇÃO,ME/DO,4,UEM,ACADEMICO,S,4,14.25,0.0,0.0,0,3.4,12.3,49,6.75,7.24,384.88,412.43,202.25,216.45,182.63,195.98,26,18,12,12,20,18,5,2,4,11,14,49,17,21,10,4,9,39,2.42,2.67,137.88,152.43,61.50,67.55,76.38,84.88,9,5,5,7,10,4,2,1,3,4,5,29,10,14,5,2,6,14
27001016029P4,CIÊNCIA DA COMPUTAÇÃO,ME,3,FUFSE,ACADEMICO,NE,4,15,0.0,0.0,0,5.9,22.3,89,5.01,5.25,300.38,315.03,155.88,164.83,144.50,150.20,9,14,11,23,8,21,4,7,24,7,11,34,23,5,2,14,28,25,2.11,2.27,126.88,136.38,31.38,37.18,95.50,99.20,4,2,2,13,6,13,0,4,17,3,7,28,15,3,1,10,20,18
26001012035P1,INFORMÁTICA,ME,3,UFAL,ACADEMICO,NE,4,18.25,0.0,0.0,0,2.5,11.5,46,6.28,6.37,458.38,465.33,268.50,270.70,189.88,194.63,40,24,9,14,3,2,3,0,2,7,15,43,28,5,1,5,31,26,1.71,1.73,125.13,126.53,52.38,52.38,72.75,74.15,4,5,2,4,0,0,0,0,0,2,6,15,10,1,1,0,14,5
25003011032P2,INFORMÁTICA APLICADA,ME,3,UFRPE,ACADEMICO,NE,4,19.5,0.0,0.0,0,3.0,14.8,59,4.99,5.22,388.88,407.18,220.00,233.85,168.88,173.33,42,17,12,29,15,15,20,27,47,15,12,29,41,3,3,9,29,31,1.57,1.64,122.13,128.23,55.63,60.38,66.50,67.85,11,4,3,11,5,5,12,1,8,5,4,18,20,0,0,5,17,14
41002016023P2,COMPUTAÇÃO APLICADA,ME,3,UDESC,ACADEMICO,S,4,13.75,0.0,0.0,0,4.0,13.8,55,3.86,4.12,212.50,226.70,76.75,82.10,135.75,144.60,18,5,5,17,5,6,14,5,1,3,7,40,65,13,4,5,21,74,2.16,2.35,118.88,129.03,26.25,29.55,92.63,99.48,10,1,4,7,2,5,11,4,0,2,5,25,44,10,4,5,11,46
31007015009P3,SISTEMAS E COMPUTAÇÃO,ME,3,IME,ACADEMICO,SE,4,10,0.0,0.0,0,5.4,13.5,54,4.26,4.38,170.50,175.05,64.25,66.20,106.25,108.85,7,6,2,4,1,4,1,11,5,3,7,14,49,3,3,1,8,25,2.41,2.48,96.38,99.08,29.88,30.63,66.50,68.45,2,3,0,2,0,2,1,5,4,2,4,12,32,3,1,1,3,14
41005015010P7,COMPUTAÇÃO,ME,3,UNIVALI,ACADEMICO,S,4,13,0.0,0.0,0,2.7,8.8,35,4.28,4.53,222.75,235.75,172.75,179.60,50.00,56.15,18,16,7,12,7,12,8,3,10,6,1,11,43,8,4,8,11,53,1.70,1.83,88.25,95.10,61.25,64.95,27.00,30.15,2,6,3,6,4,7,2,2,5,1,0,8,32,3,3,7,7,34
32004010027P9,CIÊNCIA DA COMPUTAÇÃO,ME,3,UFLA,ACADEMICO,SE,4,12.5,0.0,0.0,0,3.5,11.0,44,4.95,5.26,247.25,263.20,120.13,125.88,127.13,137.33,25,9,12,10,6,10,4,7,5,2,7,34,60,16,5,1,22,30,1.69,1.86,84.50,92.90,37.13,39.73,47.38,53.18,4,3,2,8,3,5,0,2,1,0,2,17,27,10,1,0,12,12
20001010049P6,CIÊNCIA DA COMPUTAÇÃO,DO,A,UFMA-FUFPI,ACADEMICO,NE,2,18.5,0.0,0.0,0,0.0,0.0,0,13.37,13.54,494.63,500.83,251.38,253.73,243.25,247.10,19,24,15,13,1,5,6,5,17,4,21,33,45,5,0,4,19,30,2.21,2.21,81.63,81.78,26.00,26.10,55.63,55.68,7,2,0,2,0,0,1,0,2,0,5,10,6,0,0,0,1,5
28013018005P5,SISTEMAS E COMPUTAÇÃO,ME,3,UNIFACS,ACADEMICO,NE,4,11,0.0,0.0,0,3.5,9.5,38,3.03,3.37,133.13,148.13,39.25,44.60,93.88,103.53,8,3,2,5,6,8,2,11,13,2,7,23,20,13,0,18,27,18,1.60,1.82,70.25,79.90,4.50,7.40,65.75,72.50,2,0,0,4,4,3,1,4,10,0,5,16,15,9,0,15,15,11
33001014044P0,CIÊNCIA DA COMPUTAÇÃO,ME,3,UFSCAR/Sor,ACADEMICO,SE,4,12.5,0.0,0.0,0,3.4,10.8,43,3.05,3.22,152.50,161.10,67.00,70.35,85.50,90.75,16,5,3,7,4,5,3,1,4,4,6,21,20,8,1,3,15,10,1.36,1.41,68.13,70.58,27.75,29.35,40.38,41.23,8,2,1,2,2,2,2,0,4,2,2,15,15,0,1,1,11,1
40006018011P7,COMPUTAÇÃO APLICADA,MP,3,UTFPR-CA,PROFISSIONAL,S,4,24.25,0.0,0.0,0,1.6,9.5,38,5.07,5.23,492.25,507.35,276.50,280.65,215.75,226.70,14,28,7,14,3,13,0,1,2,10,19,17,39,13,11,5,35,69,0.70,0.73,68.13,70.68,21.75,22.15,46.38,48.53,2,2,1,2,0,2,0,0,1,2,4,6,7,3,1,1,7,11
42046017016P1,ENGENHARIA DE SOFTWARE,MP,A,UNIPAMPA,PROFISSIONAL,S,2,10,0.0,0.0,0,0.1,0.5,1,6.98,7.18,139.50,143.60,89.13,89.53,50.38,54.08,7,9,3,0,0,0,3,2,4,1,4,11,9,6,1,1,8,30,2.88,3.03,57.50,60.55,23.25,23.45,34.25,37.10,4,2,2,0,0,0,1,2,0,0,3,6,5,5,1,0,3,17
42009014011P1,COMPUTAÇÃO APLICADA,MP,3,FUPF,PROFISSIONAL,S,4,10.5,0.0,0.0,0,6.3,16.5,66,3.49,3.60,146.50,151.25,108.13,111.63,38.38,39.63,21,9,3,8,2,8,6,6,6,4,2,8,17,1,2,0,7,26,1.32,1.38,55.25,57.75,43.38,45.58,11.88,12.18,12,3,3,4,2,4,3,2,4,0,0,5,13,0,0,0,6,21
40006018025P8,INFORMÁTICA,MP,3,UTFPR-I,PROFISSIONAL,S,4,15,0.0,0.0,0,3.5,13.0,52,4.47,4.71,268.38,282.33,160.50,164.95,107.88,117.38,30,13,11,11,7,3,3,1,7,4,7,24,38,14,10,1,8,19,0.90,0.97,54.25,58.30,23.63,25.03,30.63,33.28,4,2,0,3,2,1,2,0,1,1,1,11,20,3,4,0,7,5
33149011002P1,CIÊNCIA DA COMPUTAÇÃO,ME,3,UNIFACCAMP,ACADEMICO,SE,4,10.5,0.0,0.0,0,3.7,9.8,39,3.63,3.81,152.50,159.85,68.13,72.28,84.38,87.58,13,5,6,10,6,2,6,3,1,1,6,21,23,5,0,1,12,36,1.10,1.18,46.25,49.45,4.63,5.08,41.63,44.38,2,0,1,3,0,0,4,1,1,0,3,10,12,5,0,0,5,26
31022014009P5,CIÊNCIA DA COMPUTAÇÃO,ME,3,CEFET/RJ,ACADEMICO,SE,4,13,0.0,0.0,0,2.6,8.5,34,5.00,5.18,260.25,269.35,190.25,193.55,70.00,75.80,18,18,15,2,3,9,0,0,0,9,2,16,50,5,3,10,34,31,0.88,0.99,45.63,51.48,10.25,11.95,35.38,39.53,8,0,3,0,1,6,0,0,0,3,1,8,28,5,0,7,19,15
32018010044P4,CIÊNCIA DA COMPUTAÇÃO,ME,3,UFSJ,ACADEMICO,SE,4,12,0.0,0.0,0,0.9,2.8,11,6.02,6.34,289.00,304.30,196.13,199.93,92.88,104.38,18,19,6,8,5,6,1,0,9,12,3,29,52,19,1,9,18,51,0.93,1.04,44.63,49.83,13.63,15.13,31.00,34.70,2,1,2,2,2,2,1,0,1,1,1,9,23,6,0,4,6,11
25001019062P6,CIÊNCIAS DA COMPUTAÇÃO,MP/DP,4,UFPE,PROFISSIONAL,NE,4,33.75,0.0,0.0,0,3.3,27.5,110,6.60,6.75,890.50,911.45,371.50,377.75,519.00,533.70,88,28,25,26,5,13,9,5,21,57,41,65,79,19,7,16,44,57,0.31,0.32,41.88,43.03,22.13,22.43,19.75,20.60,1,2,2,3,0,1,1,0,0,0,2,1,2,1,0,0,7,6
32003013008P4,CIÊNCIA E TECNOLOGIA DA COMPUTAÇÃO,ME,3,UNIFEI,ACADEMICO,SE,4,12.25,0.0,0.0,0,3.8,11.8,47,3.28,3.53,160.75,173.15,112.00,116.40,48.75,56.75,19,8,16,16,7,2,2,6,5,0,2,13,34,10,3,8,32,43,0.80,0.88,39.00,42.90,27.00,27.55,12.00,15.35,1,2,6,6,1,0,0,1,4,0,0,6,12,4,1,4,15,14
40006018171P4,CIÊNCIA DA COMPUTAÇÃO,ME,3,UTFPR,ACADEMICO,S,4,12.5,0.0,0.0,0,1.9,6.0,24,4.00,4.14,199.75,207.15,123.75,127.05,76.00,80.10,18,11,5,7,1,11,2,8,13,2,7,10,7,4,6,5,8,36,0.73,0.76,36.25,37.85,31.75,32.60,4.50,5.25,3,3,2,1,1,1,1,1,3,0,0,6,0,0,3,1,1,9
23001011071P0,TECNOLOGIA DA INFORMAÇÃO,MP,3,UFRN,PROFISSIONAL,NE,4,13,0.0,0.0,0,2.6,8.5,34,4.17,4.28,216.88,222.73,69.88,71.73,147.00,151.00,10,6,3,7,2,4,0,1,7,9,11,28,31,6,0,6,8,24,0.58,0.61,30.00,31.65,18.38,18.38,11.63,13.28,0,2,0,1,0,0,0,0,1,2,0,7,7,3,0,0,3,7
25019015001P0,ENGENHARIA DE SOFTWARE,MP/DP,4,CESAR,PROFISSIONAL,NE,4,17,0.0,0.0,0,6.8,29.0,116,0.31,0.34,21.25,23.10,2.38,3.13,18.88,19.98,1,0,1,1,0,3,1,1,2,0,1,5,10,0,0,0,22,15,0.26,0.29,18.00,19.55,0.63,1.23,17.38,18.33,0,0,0,1,0,3,0,0,2,0,1,3,10,0,0,0,19,13
20002017004P9,ENGENHARIA DE COMPUTAÇÃO E SISTEMAS,MP,3,UEMA,PROFISSIONAL,NE,4,12.75,0.0,0.0,0,5.6,18.0,72,1.45,1.55,73.75,79.25,45.25,46.90,28.50,32.35,7,3,3,15,1,4,2,3,9,6,1,9,11,3,0,10,27,33,0.33,0.38,16.63,19.58,10.88,12.28,5.75,7.30,0,1,1,2,1,4,0,2,3,1,0,3,4,2,0,2,7,11
23002018002P4,CIÊNCIA DA COMPUTAÇÃO - UERN - UFERSA,ME,3,UERN,ACADEMICO,NE,4,14.5,0.0,0.0,0,4.1,14.8,59,1.12,1.24,64.75,72.15,28.75,33.60,36.00,38.55,5,2,3,6,4,12,4,1,7,4,2,9,12,2,1,7,13,23,0.28,0.36,16.38,20.88,4.13,7.28,12.25,13.60,1,0,0,5,2,10,1,1,2,0,0,8,10,1,1,5,3,12
28002016020P6,CIÊNCIA DA COMPUTAÇÃO,ME,A,UEFS,ACADEMICO,NE,2,10.5,0.0,0.0,0,0.0,0.0,0,4.60,4.79,96.63,100.68,44.75,46.95,51.88,53.73,5,4,4,2,3,3,0,2,2,0,0,15,65,3,1,0,3,27,0.54,0.57,11.38,11.93,0.75,0.80,10.63,11.13,0,0,1,0,0,0,0,1,0,0,0,5,11,1,0,0,0,4
33002029052P5,COMPUTAÇÃO APLICADA,ME,3,USP/RP,ACADEMICO,SE,4,15,0.0,0.0,0,1.9,7.0,28,6.02,6.15,361.00,368.75,292.88,296.13,68.13,72.63,56,24,21,13,4,6,0,1,8,17,4,5,19,6,1,5,16,6,0.19,0.22,11.13,13.28,5.00,5.20,6.13,8.08,5,0,0,0,0,1,0,0,1,1,0,1,7,2,0,5,9,3
30004012075P4,COMPUTAÇÃO APLICADA,MP,A,IFES,PROFISSIONAL,SE,2,14,0.0,0.0,0,0.0,0.0,0,1.60,1.62,44.88,45.43,26.63,26.68,18.25,18.75,6,2,3,1,0,0,0,1,4,3,1,1,9,0,0,1,8,15,0.38,0.39,10.75,10.95,8.88,8.88,1.88,2.08,0,1,0,0,0,0,0,0,0,0,0,0,3,0,0,1,2,4
15001016092P4,COMPUTAÇÃO APLICADA,MP,3,UFPA,PROFISSIONAL,N,4,11,0.0,0.0,0,2.0,5.5,22,1.86,1.93,81.63,84.73,35.25,36.30,46.38,48.43,6,3,1,3,1,2,1,1,13,1,4,9,5,0,3,8,13,24,0.12,0.14,5.38,6.28,1.00,1.50,4.38,4.78,1,0,0,0,1,0,0,0,2,0,0,5,1,0,0,2,4,8
22001018173P4,COMPUTAÇÃO,ME,A,UFC/Qui,ACADEMICO,NE,2,17.5,0.0,0.0,0,0.1,1.0,2,1.34,1.49,46.88,52.08,21.38,23.63,25.50,28.45,1,2,1,3,0,10,1,3,9,0,1,13,11,4,0,6,7,7,0.10,0.12,3.50,4.15,0.63,0.63,2.88,3.53,0,0,0,1,0,0,0,0,3,0,0,3,1,1,0,1,1,2
24007013002P9,TECNOLOGIA DA INFORMAÇÃO,MP,A,IFPB,PROFISSIONAL,NE,2,14.5,0.0,0.0,0,0.0,0.0,0,3.75,3.86,108.88,111.83,53.63,55.13,55.25,56.70,6,5,1,4,0,4,7,0,0,0,5,2,15,1,0,5,9,20,0.09,0.11,2.75,3.30,0.00,0.30,2.75,3.00,0,0,0,0,0,1,1,0,0,0,0,2,2,0,0,2,1,4
51001012038P1,COMPUTAÇÃO APLICADA,MP,3,UFMS,PROFISSIONAL,CO,4,15.5,0.0,0.0,0,2.1,8.3,33,2.27,2.38,140.88,147.83,91.50,95.70,49.38,52.13,9,9,1,3,4,9,2,4,8,5,3,7,20,3,1,1,19,45,0.03,0.04,1.63,2.43,1.00,1.60,0.63,0.83,1,0,0,0,0,3,0,0,1,0,0,0,1,0,0,0,4,1
40015017173P2,CIÊNCIA DA COMPUTAÇÃO,ME,A,UNIOESTE,ACADEMICO,S,2,11,0.0,0.0,0,0.0,0.0,0,2.80,3.05,61.50,67.05,42.00,45.10,19.50,21.95,5,3,8,7,3,5,6,0,1,2,1,9,3,3,1,2,11,36,0.07,0.08,1.50,1.85,0.00,0.00,1.50,1.85,0,0,0,0,0,0,0,0,0,0,0,2,0,0,1,0,3,2
11001011072P2,CIÊNCIA DA COMPUTAÇÃO,ME,A,UFAC,ACADEMICO,N,2,13,0.0,0.0,0,0.0,0.0,0,0.10,0.12,2.50,3.00,1.75,1.75,0.75,1.25,1,0,1,0,0,0,0,0,0,0,0,1,0,1,0,0,0,0,0.03,0.05,0.75,1.25,0.00,0.00,0.75,1.25,0,0,0,0,0,0,0,0,0,0,0,1,0,1,0,0,0,0
33083010005P2,COMPUTAÇÃO APLICADA,MP,A,IPT,PROFISSIONAL,SE,1,11,0.0,0.0,0,0.0,0.0,0,1.22,1.36,13.38,14.98,12.63,13.43,0.75,1.55,3,1,1,0,1,1,1,0,0,0,0,1,0,0,2,3,2,8,0.00,0.00,0.00,0.00,0.00,0.00,0.00,0.00,0,0,0,0,0,0,0,0,0,0,0,0,0,0,0,0,0,0
,,,,,,,,,,,,,,,,,,,,,,,,,,,,,,,,,,,,,,,,,,,,,,,,,,,,,,,,,,,,,,,,,,
,,,,,,,,,,,,,,,,,,,,,,,,,,,,,,,,,,,,,,,,,,,,,,,,,,,,,,,,,,,,,,,,,,
,,,,,,,,,,,,,,,6.02,,,,,,,,,,,,,,,,,,,,,,,,,,,,,,,,,,,,,,,,,,,,,,,,,,,