,idProd
0,29824826
1,31825801
2,31825791
3,31825786
4,31825778
5,31825733
6,31825725
7,31825625
8,31825598
9,31825565
10,31825556
11,31825553
12,31825541
13,31825524
14,28882154
15,28882133
16,28882127
17,28882098
18,28882063
19,28882061
20,28882053
21,28882011
22,28882001
23,28881987
24,28882227
25,28881952
26,28885582
27,28885576
28,28885572
29,28885567
30,28885563
31,28885631
32,28885302
33,28885296
34,28885220
35,28885170
36,28885460
37,28885459
38,28885452
39,28885447
40,28885411
41,28885408
42,28896799
43,28896732
44,28896889
45,28896891
46,28896897
47,28896731
48,28896866
49,28896770
50,28896797
51,28896741
52,28896847
53,28896833
54,28896814
55,28896822
56,28896806
57,28896817
58,28896754
59,28896596
60,28896581
61,28896580
62,28896672
63,28896638
64,28896622
65,32194656
66,32194653
67,32194619
68,32194545
69,32194757
70,32194756
71,32194789
72,32194787
73,32194975
74,32194967
75,32194806
76,32194804
77,32194764
78,32194901
79,32194829
80,32194828
81,32194827
82,23224218
83,25116732
84,25116748
85,22375095
86,22375103
87,22375137
88,22375124
89,22375121
90,24766441
91,24766431
92,24766397
93,24766353
94,24766464
95,25909167
96,25909135
97,25909105
98,25909081
99,32585751
100,32585741
101,32585740
102,32585872
103,32585870
104,32585869
105,29799226
106,29799230
107,29799321
108,29799304
109,29799294
110,29799273
111,29799270
112,29799258
113,29799255
114,29799254
115,29799346
116,27431394
117,27432913
118,27432925
119,27432951
120,28180085
121,28180083
122,28180081
123,28180080
124,28180079
125,28180901
126,28180895
127,28180943
128,28181040
129,28181036
130,28180893
131,28180890
132,28180887
133,28181006
134,28180990
135,28180989
136,22698510
137,22698556
138,22698648
139,22698538
140,22698521
141,23970037
142,23970033
143,23970029
144,23970028
145,23970027
146,23970026
147,23970024
148,23970009
149,23970007
150,23970061
151,23970063
152,23970067
153,23970057
154,26295552
155,26295547
156,26295535
157,26295521
158,26295519
159,26295505
160,26295497
161,26295485
162,33145220
163,29172552
164,29172549
165,29172531
166,29172500
167,29172478
168,29178250
169,29178087
170,29178249
171,29178153
172,29178227
173,29210885
174,29211993
175,31474160
176,31474508
177,31474161
178,31474151
179,31474618
180,31474647
181,31474534
182,31474663
183,31474633
184,31474546
185,29104868
186,29104890
187,29104885
188,29107028
189,29107013
190,29106935
191,29106914
192,29107300
193,29107305
194,29107256
195,32379365
196,32379362
197,32382807
198,32382622
199,32382867
200,32382618
201,32382617
202,32382929
203,32382877
204,32382931
205,32382686
206,32382674
207,32382876
208,30598613
209,30598612
210,33174612
211,33174620
212,22832865
213,22832759
214,24610613
215,24610570
216,24610568
217,24610542
218,24610536
219,30334270
220,30335042
221,30335330
222,30335030
223,30335066
224,30335140
225,30335121
226,30335300
227,30335259
228,30335175
229,30335068
230,30335329
231,30335161
232,30335113
233,30335297
234,30335099
235,32065530
236,32065648
237,32065619
238,32065781
239,23915157
240,25328185
241,25328176
242,25328142
243,25328048
244,31158741
245,31158686
246,31158654
247,31158646
248,22374625
249,22374641
250,30309949
251,30310014
252,30309997
253,30371737
254,30371736
255,30371743
256,30371745
257,30372035
258,30371974
259,30372036
260,30372031
261,30371983
262,30372044
263,30371980
264,30372046
265,30379097
266,30379001
267,32729718
268,32729684
269,30418759
270,30418636
271,30418552
272,30418930
273,30418696
274,30418875
275,30418872
276,30418690
277,30418682
278,30418849
279,30418563
280,30418824
281,30418668
282,30418561
283,30418800
284,30418794
285,30418516
286,30572183
287,30572060
288,30572056
289,30572158
290,30571994
291,30571990
292,30572138
293,30572035
294,30572127
295,30572125
296,30572032
297,30571986
298,30572106
299,30572264
300,30572253
301,30572096
302,30572016
303,30572237
304,30572087
305,30572225
306,30572213
307,30572209
308,30572227
309,30572206
310,30572203
311,30572232
312,30557537
313,30557598
314,30557762
315,30557706
316,30557597
317,30557545
318,30557704
319,30557845
320,30557695
321,30557601
322,30557632
323,30557606
324,30557690
325,30557692
326,30557841
327,30557830
328,30557829
329,30557753
330,30557646
331,30557911
332,30557644
333,30557835
334,30557587
335,30557693
336,30557588
337,32610592
338,32610637
339,32610619
340,27074243
341,27074247
342,27074282
343,27074160
344,27074268
345,27074287
346,27074165
347,27074264
348,27074239
349,27074259
350,27074256
351,27074162
352,27074242
353,27074260
354,27074161
355,27074164
356,27074284
357,27074158
358,27074228
359,33081163
360,33081144
361,33081139
362,33081202
363,33081198
364,33081177
365,30856489
366,30856469
367,30856183
368,30856182
369,30856472
370,30856508
371,30856510
372,30856511
373,30856641
374,30856646
375,30856628
376,30856642
377,30856587
378,30856584
379,30856649
380,30859080
381,30859272
382,30859076
383,30859133
384,30859266
385,30859131
386,30859246
387,30859087
388,30861006
389,30860991
390,30861133
391,30861115
392,30860840
393,30860814
394,30860729
395,30860707
396,30860686
397,30860684
398,30860659
399,30860651
400,31525905
401,31526190
402,31526247
403,31526244
404,31526358
405,31526242
406,31526233
407,31526334
408,31526333
409,31526331
410,31526302
411,31526299
412,31526213
413,31526211
414,31526205
415,31526201
416,31526260
417,30725490
418,30725465
419,30725487
420,30725438
421,30725434
422,30724906
423,30724905
424,30725544
425,30725539
426,30725497
427,30725495
428,30725575
429,30725793
430,30725814
431,30725768
432,30725663
433,30725783
434,30725724
435,30725588
436,30725805
437,30725622
438,30725787
439,30725693
440,30725587
441,30729210
442,30729154
443,30729125
444,30729128
445,30729085
446,30729065
447,30729029
448,30729278
449,30729320
450,30729260
451,30735176
452,30735020
453,30735285
454,30735230
455,30735180
456,30735014
457,30735241
458,30734978
459,30735266
460,30734957
461,30735235
462,30735283
463,30735236
464,30735092
465,30735143
466,30735012
467,30734774
468,30734768
469,30734621
470,30734331
471,31726094
472,31725263
473,31726055
474,31725266
475,31726136
476,31726147
477,31726107
478,31726054
479,31726341
480,31726309
481,31726301
482,31726365
483,31726187
484,31726231
485,31726260
486,31726286
487,31726355
488,31726299
489,31726203
490,31726211
491,31726371
492,31726258
493,31726281
494,31726200
495,31726173
496,31726243
497,31726331
498,31726334
499,31726227
500,31726356
501,31726182
502,31726368
503,31726378
504,30579884
505,30579909
506,30579898
507,30579978
508,30579868
509,30580148
510,30580136
511,30579958
512,30579882
513,30579881
514,30580114
515,30580110
516,30579932
517,30579869
518,30579920
519,30580059
520,30580063
521,30579919
522,30579921
523,30580089
524,30579886
525,30580010
526,30580115
527,30579953
528,30579955
529,30052362
530,30052100
531,30052289
532,30052092
533,30052254
534,30052245
535,30052192
536,30052189
537,30052168
538,30052448
539,30052138
540,30052437
541,30052388
542,30052460
543,30052470
544,30052474
545,30052473
546,30052471
547,30053294
548,30053260
549,30053259
550,30053186
551,30053188
552,30053266
553,30053160
554,30053278
555,30053207
556,30053334
557,30053248
558,30053159
559,30053113
560,30053288
561,30053257
562,32829339
563,32829338
564,32829301
565,32829272
566,32829292
567,32829263
568,32829284
569,32829331
570,32829343
571,32829187
572,32829374
573,32829395
574,32829216
575,32828590
576,27820798
577,27820794
578,27820776
579,27820788
580,27820755
581,27820751
582,27820750
583,27820747
584,27820862
585,27820857
586,27820851
587,27820841
588,27820840
589,27820834
590,27820826
591,27820822
592,27820812
593,27820810
594,27820805
595,27875959
596,27875956
597,27876036
598,27876034
599,27876021
600,27876013
601,27876008
602,27875991
603,27875984
604,27876015
605,27875980
606,27875968
607,27875966
608,27876056
609,27876054
610,27876059
611,27876058
612,27876060
613,27876061
614,27941618
615,27941621
616,27941619
617,27942013
618,27942076
619,27942070
620,27942020
621,27941967
622,27941988
623,27942023
624,27942064
625,27942072
626,27941982
627,27942004
628,27942019
629,27941994
630,31681104
631,31681090
632,31681086
633,31681052
634,31681025
635,31681010
636,29226913
637,29226926
638,29226916
639,29228578
640,29228571
641,29228570
642,29228728
643,29228736
644,29228729
645,29228527
646,29228579
647,29228652
648,29228603
649,29228647
650,29228745
651,28667893
652,28667885
653,28667988
654,28667902
655,27241347
656,27241244
657,27241235
658,27241234
659,32613194
660,32613186
661,32613149
662,32613121
663,32613174
664,32612964
665,32612910
666,32612905
667,32613017
668,32613001
669,32612998
670,29622306
671,29622301
672,29623166
673,29623165
674,29623163
675,29623162
676,29623161
677,29623152
678,30598399
679,30598152
680,30764360
681,30764353
682,30764319
683,30764365
684,30764282
685,30764279
686,30764264
687,30764259
688,33214842
689,33214834
690,33214833
691,33214828
692,33214827
693,33214823
694,33214822
695,33214820
696,33214807
697,30341514
698,30354655
699,30354652
700,30354642
701,30354584
702,30354575
703,30434639
704,30434400
705,30434500
706,30434498
707,30434604
708,30434542
709,33069456
710,33069463
711,28680209
712,28680230
713,28680387
714,28680381
715,28680375
716,28680569
717,28680353
718,28680346
719,28680329
720,28680477
721,28680186
722,28751353
723,28751329
724,28751306
725,28751289
726,28751244
727,28751243
728,28751225
729,28751224
730,28751339
731,28751214
732,28751355
733,28751201
734,28751199
735,28751365
736,28753389
737,28753445
738,28753503
739,28753405
740,28753481
741,28753463
742,28753456
743,28753501
744,28753423
745,28753424
746,28753404
747,28753402
748,28753435
749,28753480
750,32086802
751,32086787
752,32086765
753,32086426
754,32086842
755,32086779
756,32086764
757,32086776
758,32086830
759,32086423
760,32086841
761,32086854
762,32086832
763,32086796
764,32086855
765,32086777
766,32086751
767,32086774
768,32086757
769,32086750
770,32086836
771,32086847
772,29558267
773,29561407
774,30889425
775,30889415
776,30889411
777,30889403
778,30889393
779,30889383
780,30889381
781,30889378
782,30889388
783,30889416
784,30889450
785,30889493
786,30889475
787,30889467
788,30889449
789,30889448
790,30889444
791,30889630
792,30889632
793,30889631
794,30889628
795,30889600
796,30889578
797,30889538
798,30889531
799,30889604
800,30889596
801,30889504
802,30891824
803,30891820
804,30891816
805,30891597
806,30891704
807,30891690
808,30891671
809,30891664
810,30891659
811,30891643
812,30891642
813,30891639
814,30891859
815,30891887
816,30892007
817,30896882
818,30896875
819,30896788
820,30896729
821,30896726
822,32037526
823,32037516
824,32037460
825,32037612
826,32037604
827,32037578
828,28524045
829,32638560
830,32638556
831,28966210
832,28966132
833,29422466
834,29990568
835,29990534
836,29990525
837,29990524
838,29990519
839,29990496
840,29990535
841,29990494
842,29990491
843,29990485
844,29990482
845,29990477
846,29990581
847,29985121
848,29985212
849,29985262
850,29985050
851,29985275
852,29985285
853,29985272
854,29985271
855,29985268
856,29975742
857,29975781
858,29975779
859,29975754
860,29975751
861,29975749
862,29975735
863,29975728
864,29975726
865,29975719
866,29975837
867,29975838
868,29975827
869,29975834
870,29975821
871,32772724
872,32772745
873,32772796
874,32772780
875,28022005
876,28022566
877,28022421
878,28022486
879,28022448
880,28022558
881,28022447
882,28022556
883,28022488
884,28022527
885,28022555
886,28022542
887,28022483
888,28104901
889,28104804
890,28104779
891,28104590
892,28104729
893,28104719
894,28104599
895,28104981
896,28104977
897,28104628
898,28104946
899,28104927
900,28104990
901,28104539
902,28105003
903,28129425
904,28130015
905,28130000
906,28129998
907,28129996
908,28129992
909,28129988
910,28129983
911,28129978
912,28129973
913,28129986
914,28129962
915,28129956
916,28129954
917,28129952
918,28129951
919,28130006
920,28129947
921,28130010
922,28129940
923,28129935
924,28129932
925,28129931
926,28129928
927,28129927
928,28130101
929,28130094
930,28130085
931,28130064
932,28130063
933,28130061
934,28130086
935,28130049
936,28130048
937,28130047
938,28130039
939,28130030
940,28130119
941,32109386
942,32109384
943,32109378
944,32109374
945,32109412
946,32109368
947,32109356
948,32109397
949,32109364
950,32109361
951,32109497
952,32109360
953,32109482
954,32109480
955,32109479
956,32109471
957,32109468
958,32109478
959,32109451
960,32109494
961,32109439
962,32109433
963,32109432
964,32109445
965,32109420
966,32109416
967,22490082
968,22489959
969,22490067
970,22490047
971,22490041
972,22489980
973,22489982
974,23647542
975,25811573
976,22479416
977,22479305
978,22479421
979,24386241
980,24388913
981,24388933
982,24388699
983,24388694
984,24388693
985,24388688
986,24388680
987,24388800
988,24388799
989,24388797
990,26056183
991,26056342
992,26056354
993,26056353
994,31417956
995,31417933
996,31417934
997,31417818
998,31417789
999,31417841
1000,31417661
1001,31417760
1002,31417759
1003,31417757
1004,31417689
1005,31417990
1006,31417727
1007,31417995
1008,29066330
1009,29066269
1010,29066494
1011,29066562
1012,29067638
1013,32602237
1014,32604531
1015,32604676
1016,29817267
1017,29817265
1018,29817253
1019,29817239
1020,29817238
1021,29817235
1022,29832631
1023,29832650
1024,29832670
1025,29837848
1026,29837845
1027,29837904
1028,29837895
1029,31503142
1030,31503138
1031,31503134
1032,31503129
1033,31502919
1034,31503126
1035,31503127
1036,31503128
1037,31503121
1038,31502922
1039,31503116
1040,31503115
1041,31503144
1042,31503113
1043,31503112
1044,31503111
1045,31502923
1046,31503110
1047,31503108
1048,31503152
1049,31503153
1050,31503151
1051,31503172
1052,31503171
1053,31503170
1054,31503179
1055,31503165
1056,31503164
1057,31503181
1058,31503162
1059,31503161
1060,31503158
1061,31503155
1062,28310733
1063,28310607
1064,28310690
1065,28310294
1066,28310292
1067,28356466
1068,28356462
1069,28356502
1070,28356553
1071,28356623
1072,28356613
1073,28368752
1074,28368742
1075,28368731
1076,28368829
1077,28368797
1078,28368779
1079,28368924
1080,28368919
1081,28368915
1082,32658007
1083,32658152
1084,32658253
1085,32658075
1086,32658218
1087,32658209
1088,32658194
1089,32658191
1090,32658107
1091,32658186
1092,32658324
1093,32658172
1094,32658312
1095,32658288
1096,32658092
1097,28233880
1098,28234166
1099,28234137
1100,28234120
1101,28234775
1102,29357685
1103,29357655
1104,29357843
1105,29357519
1106,29357915
1107,29357939
1108,29357971
1109,29357745
1110,29357537
1111,29357539
1112,29357814
1113,29357564
1114,29357668
1115,29357888
1116,29357522
1117,29357938
1118,29365899
1119,29365882
1120,29365881
1121,29366676
1122,29366383
1123,29366118
1124,29366339
1125,29366355
1126,29374207
1127,29374160
1128,29374128
1129,29374119
1130,29374071
1131,29374068
1132,29374066
1133,29374065
1134,29374056
1135,29374047
1136,29373926
1137,29373920
1138,29374367
1139,29374414
1140,29374413
1141,29374412
1142,29374491
1143,29374483
1144,29374476
1145,29374333
1146,29374386
1147,29374384
1148,32054343
1149,32054403
1150,32054647
1151,32054344
1152,32054575
1153,32054610
1154,32054650
1155,32054376
1156,32054692
1157,32054292
1158,29103569
1159,29103537
1160,29103687
1161,29146792
1162,29146780
1163,29146863
1164,29146839
1165,29146812
1166,29146805
1167,32672394
1168,32672368
1169,32672367
1170,32672365
1171,32672364
1172,32672360
1173,32672347
1174,32672333
1175,28671622
1176,28671618
1177,28671615
1178,28671606
1179,28671601
1180,28671597
1181,28671587
1182,28671567
1183,28671744
1184,28671557
1185,28671720
1186,28671717
1187,28671536
1188,28671526
1189,28671678
1190,28671674
1191,28671522
1192,28671671
1193,28671668
1194,28671643
1195,28671640
1196,28671638
1197,28671636
1198,28671520
1199,28671630
1200,29965103
1201,29965102
1202,29965061
1203,29965004
1204,29964804
1205,29965043
1206,29965107
1207,29965012
1208,29965038
1209,29965037
1210,29965033
1211,29965025
1212,29965020
1213,29965023
1214,29965022
1215,29965019
1216,29965015
1217,29964803
1218,29964801
1219,29965007
1220,29965005
1221,29964992
1222,29965034
1223,29965035
1224,29965048
1225,29965051
1226,29965052
1227,29965059
1228,29965064
1229,29965080
1230,29965090
1231,29965094
1232,29965100
1233,29965114
1234,29966584
1235,29966599
1236,29966587
1237,29966621
1238,29966630
1239,29966622
1240,29966614
1241,29966646
1242,29966612
1243,29966607
1244,29966609
1245,32993620
1246,32994616
1247,32994614
1248,30571077
1249,30571035
1250,30571028
1251,30570899
1252,30571005
1253,30570968
1254,30570616
1255,30570585
1256,30570580
1257,30570577
1258,30570573
1259,30570529
1260,30570688
1261,30570661
1262,30637372
1263,31698807
1264,31698806
1265,31698797
1266,31698742
1267,31698800
1268,31698759
1269,23327462
1270,23327410
1271,23327395
1272,23851595
1273,23853577
1274,23853620
1275,23853611
1276,23853569
1277,23853548
1278,23853623
1279,23853675
1280,23853626
1281,23853553
1282,23853540
1283,23851597
1284,23853627
1285,23851596
1286,23853674
1287,23853684
1288,23853647
1289,23853682
1290,23853670
1291,23853648
1292,23853640
1293,23853580
1294,23853538
1295,23851598
1296,23851590
1297,23853575
1298,23853642
1299,25657458
1300,25657420
1301,25657425
1302,25657395
1303,25657414
1304,25657423
1305,25657390
1306,25657448
1307,25657460
1308,25657367
1309,25657361
1310,25657362
1311,25657350
1312,25657389
1313,25657472
1314,25657346
1315,25657339
1316,25657467
1317,31606836
1318,31606792
1319,31606790
1320,31606940
1321,31606927
1322,31606885
1323,30993718
1324,30993689
1325,30993613
1326,33131955
1327,33132190
1328,33132097
1329,33131887
1330,33131876
1331,22677349
1332,22677118
1333,22677119
1334,22676774
1335,22677243
1336,22677207
1337,22677468
1338,24812632
1339,24812623
1340,24812587
1341,25837665
1342,25837678
1343,25837675
1344,25837693
1345,25837660
1346,25837701
1347,25837752
1348,25837757
1349,25837795
1350,25837720
1351,25837800
1352,25837818
1353,25837649
1354,25837707
1355,25837648
1356,25837814
1357,25837826
1358,25837825
1359,25837694
1360,25837813
1361,25837702
1362,25837697
1363,25837712
1364,25837699
1365,25837750
1366,25837759
1367,25837747
1368,32514919
1369,32514913
1370,32514911
1371,32514908
1372,32514902
1373,32514903
1374,32514899
1375,32514881
1376,32514869
1377,32514868
1378,32514866
1379,32514857
1380,32514856
1381,32514920
1382,32514922
1383,32514847
1384,32514921
1385,32515012
1386,32515008
1387,32515006
1388,32515004
1389,32514997
1390,32514951
1391,32515002
1392,32514949
1393,32515014
1394,32514910
1395,32514924
1396,32514923
1397,27403337
1398,28470502
1399,28470499
1400,28470492
1401,28470504
1402,28470485
1403,28470483
1404,28470478
1405,28470620
1406,28470618
1407,28470612
1408,28470611
1409,28470605
1410,28470602
1411,28470601
1412,28470585
1413,28470581
1414,28470580
1415,28470587
1416,28470573
1417,28470603
1418,28470528
1419,28470526
1420,28470619
1421,28470874
1422,28470744
1423,28470650
1424,28470737
1425,28470733
1426,28470634
1427,28470824
1428,28470814
1429,28470623
1430,28470668
1431,28470667
1432,28470713
1433,28470815
1434,28470727
1435,28470722
1436,28470728
1437,28470635
1438,28470745
1439,28470746
1440,28470630
1441,28470629
1442,28470637
1443,28470883
1444,28470628
1445,28539530
1446,28539274
1447,28539268
1448,28539508
1449,28539504
1450,28539264
1451,28539500
1452,28539490
1453,28539488
1454,28539475
1455,28539470
1456,28539467
1457,28539452
1458,28539451
1459,28539400
1460,28539393
1461,28539388
1462,28539384
1463,28539383
1464,28539374
1465,28539369
1466,28539367
1467,28539361
1468,28539354
1469,28539341
1470,28539457
1471,28539334
1472,28539331
1473,28539469
1474,28539323
1475,28539322
1476,28539481
1477,28539485
1478,28539489
1479,28539295
1480,28539275
1481,28539292
1482,28539279
1483,28539554
1484,28539287
1485,28539289
1486,28552926
1487,28552918
1488,28553146
1489,28553143
1490,28552910
1491,28553138
1492,28553118
1493,28553094
1494,28553090
1495,28553104
1496,28552880
1497,28552900
1498,28552904
1499,28553135
1500,28553184
1501,28553076
1502,28552866
1503,28552862
1504,28552860
1505,28552852
1506,28553008
1507,28552842
1508,28553006
1509,28553004
1510,28553000
1511,28553009
1512,28552849
1513,28552837
1514,28552994
1515,28552835
1516,28552990
1517,28552863
1518,28552865
1519,28552988
1520,28552985
1521,28552830
1522,28552881
1523,28553085
1524,28552827
1525,28553101
1526,28552974
1527,28552893
1528,28552973
1529,28553125
1530,28552822
1531,28553137
1532,28552964
1533,28552911
1534,28552963
1535,28552913
1536,28552915
1537,28553157
1538,28552819
1539,28552958
1540,28552921
1541,28552923
1542,28552956
1543,28553232
1544,28552929
1545,28552954
1546,28553185
1547,28553216
1548,28552946
1549,28553215
1550,28552815
1551,28552957
1552,28553203
1553,28552937
1554,28553196
1555,28552936
1556,28553192
1557,28553191
1558,31673392
1559,31673345
1560,31673428
1561,31673381
1562,31673361
1563,31673380
1564,31673418
1565,31673378
1566,31673377
1567,31673262
1568,31673259
1569,31673258
1570,31673256
1571,31673252
1572,31673251
1573,31673226
1574,31673222
1575,31673217
1576,31673216
1577,31673212
1578,31673211
1579,31673210
1580,31673209
1581,31673186
1582,31673175
1583,31673172
1584,31673171
1585,31673169
1586,31673137
1587,31673127
1588,31673185
1589,31673111
1590,31673083
1591,31673061
1592,31673060
1593,31673025
1594,31673023
1595,31673021
1596,31673020
1597,31673017
1598,31673015
1599,31673009
1600,31673007
1601,31673002
1602,31672999
1603,31673333
1604,31673326
1605,31673323
1606,31673318
1607,31673325
1608,31673283
1609,31673329
1610,31673281
1611,31673280
1612,31673335
1613,31673337
1614,31673275
1615,31673341
1616,31673268
1617,30649533
1618,30650404
1619,31525933
1620,31525981
1621,28145557
1622,28145752
1623,28145421
1624,28145725
1625,28145715
1626,28145767
1627,28145769
1628,28145490
1629,28145487
1630,28145513
1631,28145705
1632,28145391
1633,28145702
1634,28145413
1635,28145412
1636,28145728
1637,28145409
1638,28145407
1639,28145651
1640,28145731
1641,28145643
1642,28145398
1643,28145478
1644,28145395
1645,28145471
1646,28145432
1647,28145648
1648,28145759
1649,28145463
1650,28145452
1651,28145450
1652,28145583
1653,28145590
1654,28145568
1655,28145430
1656,28145439
1657,28145448
1658,28157452
1659,28157428
1660,28157422
1661,28157420
1662,28157414
1663,28157412
1664,28157608
1665,28157568
1666,28157674
1667,28157462
1668,28157795
1669,28157708
1670,28157780
1671,28157791
1672,28157727
1673,28157560
1674,28157694
1675,28157759
1676,28157661
1677,28157635
1678,28157582
1679,28157587
1680,28157551
1681,28157638
1682,28157807
1683,28157657
1684,28169343
1685,28169341
1686,28169338
1687,28169337
1688,28169334
1689,28169332
1690,28169330
1691,28169327
1692,28169298
1693,28169294
1694,28169288
1695,28168904
1696,28169418
1697,28169417
1698,28169381
1699,28169373
1700,28169554
1701,28169553
1702,28169666
1703,28169551
1704,28169664
1705,28169452
1706,28169663
1707,28169550
1708,28169662
1709,28169563
1710,28169548
1711,28169656
1712,28169465
1713,28169653
1714,28169652
1715,28169485
1716,28169461
1717,28169617
1718,28169615
1719,28169459
1720,28169605
1721,28169599
1722,28169477
1723,28169457
1724,28169476
1725,28169475
1726,28169447
1727,33137147
1728,33137154
1729,33137122
1730,33137106
1731,33137110
1732,33137090
1733,33137050
1734,33137167
1735,33137056
1736,33137052
1737,33137082
1738,33137093
1739,33137232
1740,33137200
1741,33137055
1742,33137059
1743,33137240
1744,33137219
1745,33137218
1746,33137127
1747,33137148
1748,33137126
1749,33136346
1750,33136343
1751,33137134
1752,33137202
1753,28773010
1754,28794016
1755,28794582
1756,28794580
1757,28795692
1758,28795584
1759,28795570
1760,28795564
1761,28795554
1762,28795573
1763,28795610
1764,28795596
1765,28795537
1766,28795569
1767,28795706
1768,28795606
1769,28795546
1770,28795665
1771,28795626
1772,28795695
1773,28795717
1774,28795565
1775,28795624
1776,28795711
1777,28795568
1778,31703595
1779,31703419
1780,31703564
1781,31703408
1782,31703489
1783,31703436
1784,31703457
1785,31703628
1786,31703547
1787,31703561
1788,31703443
1789,31703557
1790,31703501
1791,31703672
1792,31703453
1793,31703644
1794,31703627
1795,31703413
1796,31703605
1797,31703632
1798,31703490
1799,31703483
1800,32721963
1801,32721943
1802,32721934
1803,32721933
1804,32721929
1805,32721923
1806,32722028
1807,32722020
1808,27909202
1809,27909082
1810,27909147
1811,27909373
1812,27909000
1813,27909136
1814,27909274
1815,27951922
1816,27951669
1817,27951923
1818,27951560
1819,27951891
1820,27951859
1821,27951853
1822,27951656
1823,27951952
1824,27951943
1825,27951783
1826,27997683
1827,27997646
1828,27997740
1829,27998052
1830,27998035
1831,27998015
1832,27997841
1833,27997989
1834,27997725
1835,27997760
1836,32680258
1837,32680513
1838,32680531
1839,32680685
1840,32680637
1841,32680629
1842,32680475
1843,32680577
1844,32680368
1845,32680448
1846,32680614
1847,32680458
1848,32680382
1849,32680557
1850,32680556
1851,32680492
1852,32680502
1853,27881798
1854,27881496
1855,27881465
1856,27881627
1857,27881597
1858,27881439
1859,27881553
1860,27881545
1861,27881944
1862,27881931
1863,27881906
1864,27896745
1865,27896879
1866,27896686
1867,27896669
1868,27896877
1869,27896655
1870,27896878
1871,27923215
1872,27923193
1873,27923237
1874,27923612
1875,31667772
1876,31667704
1877,28524380
1878,28524379
1879,28524378
1880,28524352
1881,28524346
1882,28524344
1883,28524338
1884,28524335
1885,28524337
1886,28524326
1887,28524353
1888,28524313
1889,28524377
1890,28524299
1891,28524298
1892,28524381
1893,28524385
1894,28524292
1895,28524291
1896,28524279
1897,28524278
1898,28524270
1899,28524267
1900,28524261
1901,28524258
1902,28524255
1903,28524248
1904,28524246
1905,28524244
1906,28524242
1907,28524241
1908,28524239
1909,28524236
1910,28395733
1911,28395743
1912,28395739
1913,28395735
1914,28396483
1915,28396479
1916,28396478
1917,28396361
1918,28396358
1919,28396341
1920,28396340
1921,28396331
1922,28396330
1923,28396329
1924,28396326
1925,28396314
1926,28396348
1927,28396300
1928,28396284
1929,28396282
1930,28396267
1931,28396457
1932,28396454
1933,28396452
1934,28396450
1935,28396418
1936,28396414
1937,28396412
1938,28396411
1939,28396460
1940,31202345
1941,31202340
1942,31202338
1943,31202337
1944,31203089
1945,31203090
1946,31203084
1947,31203088
1948,31203078
1949,31202949
1950,31202945
1951,31202943
1952,31203067
1953,31203065
1954,31203069
1955,31203058
1956,31203081
1957,31203087
1958,31203049
1959,31203047
1960,31203083
1961,31203046
1962,31202941
1963,31202940
1964,31203043
1965,31203042
1966,31203039
1967,31202936
1968,31202965
1969,31202931
1970,31203022
1971,31203019
1972,31202928
1973,31203017
1974,31203003
1975,31202990
1976,31202989
1977,31202985
1978,31202973
1979,31202979
1980,31202971
1981,31202970
1982,31203095
1983,31202966
1984,27877407
1985,27877121
1986,27877115
1987,27877113
1988,33192945
1989,33192957
1990,33192951
1991,33192966
1992,33192980
1993,33192969
1994,33192926
1995,33192985
1996,33193011
1997,33193017
1998,33193022
1999,33193030
2000,33193032
2001,27812737
2002,27812547
2003,27812597
2004,27812543
2005,27812703
2006,27812696
2007,27812593
2008,27812650
2009,27812649
2010,27812489
2011,27812473
2012,27814585
2013,27815052
2014,27815050
2015,27815033
2016,27815004
2017,27815157
2018,27815141
2019,27815086
2020,27815101
2021,27815175
2022,27815170
2023,27818961
2024,27819054
2025,27818995
2026,27819014
2027,31722865
2028,31724391
2029,31724389
2030,31724489
2031,31724484
2032,31724404
2033,28690221
2034,28690242
2035,28690219
2036,28694132
2037,28694130
2038,28694112
2039,28694117
2040,28694101
2041,28694091
2042,28694192
2043,28694163
2044,28694258
2045,28694150
2046,28694193
2047,28694155
2048,28694247
2049,28707150
2050,28706963
2051,28706965
2052,28707192
2053,28707019
2054,28706961
2055,28706928
2056,28706955
2057,28707105
2058,28707132
2059,28706911
2060,28707086
2061,28707196
2062,28707206
2063,28707194
2064,28707170
2065,28706896
2066,28706880
2067,28706837
2068,32735536
2069,32735521
2070,32735481
2071,32735465
2072,32735475
2073,32735460
2074,32735457
2075,32735471
2076,32735494
2077,32735444
2078,32735442
2079,32735441
2080,32735437
2081,32735436
2082,32735414
2083,32735409
2084,32735406
2085,32735547
2086,32735380
2087,32735358
2088,32735354
2089,32735375
2090,32735351
2091,32735345
2092,32735335
2093,32735332
2094,32735523
2095,32735311
2096,32735439
2097,32735325
2098,32735443
2099,32735548
2100,29251474
2101,29253621
2102,29253638
2103,29253542
2104,29234455
2105,28131720
2106,28131761
2107,28131836
2108,28131833
2109,28131828
2110,28131824
2111,28131725
2112,28131830
2113,28131753
2114,28131751
2115,28131750
2116,28146428
2117,28146422
2118,28146404
2119,28146390
2120,28146397
2121,28146385
2122,28146384
2123,28146358
2124,28146357
2125,28146437
2126,28146347
2127,28146328
2128,28146320
2129,28146307
2130,28146296
2131,28304962
2132,28305098
2133,28305097
2134,28305087
2135,28305086
2136,28305069
2137,28305062
2138,28305051
2139,28305004
2140,28305072
2141,28305076
2142,28304967
2143,31623773
2144,31623788
2145,31623794
2146,31623785
2147,31623799
2148,31623811
2149,31623816
2150,31623815
2151,31623814
2152,31623875
2153,31623879
2154,31623899
2155,31623901
2156,31623895
2157,31623889
2158,31623877
2159,28551256
2160,28551253
2161,28551251
2162,28551248
2163,28551065
2164,28551254
2165,28551342
2166,28551662
2167,28551501
2168,28551494
2169,28551623
2170,28551619
2171,28551403
2172,28551438
2173,28551544
2174,28606950
2175,28606941
2176,28606938
2177,28606911
2178,28606910
2179,28606866
2180,28606860
2181,28606859
2182,28606849
2183,28606847
2184,28606844
2185,28606832
2186,28607042
2187,28607038
2188,28607037
2189,28607010
2190,28607007
2191,28607036
2192,28606985
2193,28607044
2194,28606982
2195,28606980
2196,28606979
2197,28607080
2198,28607107
2199,28607074
2200,28607094
2201,28607088
2202,28607051
2203,28645791
2204,28645773
2205,28645767
2206,28645729
2207,28645671
2208,28645666
2209,28645630
2210,28645563
2211,28645561
2212,33062564
2213,33062571
2214,33062576
2215,33062652
2216,33062563
2217,33062624
2218,33062544
2219,33062577
2220,22216898
2221,22216892
2222,22216857
2223,22216855
2224,22216148
2225,22217067
2226,26222825
2227,26222681
2228,26222598
2229,26222441
2230,26222402
2231,26222389
2232,26222291
2233,31386516
2234,31386515
2235,31386505
2236,31386490
2237,31386471
2238,31386460
2239,31386459
2240,31386455
2241,31386438
2242,31386437
2243,31386433
2244,31386431
2245,31386429
2246,31386427
2247,31386426
2248,31386596
2249,31386594
2250,31386592
2251,31386573
2252,30006903
2253,30006938
2254,28107591
2255,28107579
2256,28107572
2257,28107693
2258,28107692
2259,28107699
2260,28107680
2261,28107567
2262,28107672
2263,28107691
2264,31545080
2265,31545165
2266,31545138
2267,31545136
2268,31545128
2269,31545124
2270,31545123
2271,31545097
2272,31545233
2273,31545232
2274,31545093
2275,31545226
2276,31545091
2277,31545090
2278,31545219
2279,31545218
2280,27543805
2281,27543872
2282,27543952
2283,27543911
2284,27544978
2285,27544960
2286,27544956
2287,27544935
2288,27544934
2289,27544927
2290,27544903
2291,27544896
2292,27544893
2293,27544888
2294,27544885
2295,27544874
2296,27544856
2297,27544845
2298,27544828
2299,27544820
2300,27544804
2301,27544803
2302,27580811
2303,27580810
2304,27580905
2305,27580790
2306,27580807
2307,27580803
2308,27580963
2309,27580939
2310,27580944
2311,27580981
2312,27580793
2313,27580796
2314,27580802
2315,31135079
2316,31135047
2317,31135026
2318,31135012
2319,31135009
2320,31134988
2321,31134983
2322,31135141
2323,31135121
2324,31135116
2325,27161655
2326,27161540
2327,27169407
2328,27169368
2329,27169627
2330,27169577
2331,33138027
2332,33137972
2333,33137962
2334,33138030
2335,33137971
2336,33137956
2337,33138122
2338,33138128
2339,33138130
2340,28038057
2341,28037782
2342,28038019
2343,28037675
2344,28038039
2345,28037745
2346,28037919
2347,28037888
2348,28037772
2349,28037705
2350,28037847
2351,28037688
2352,28054004
2353,28053944
2354,28053913
2355,28054081
2356,28054073
2357,28054204
2358,28054149
2359,28054156
2360,28054234
2361,28054202
2362,28054243
2363,28054199
2364,28057166
2365,28057155
2366,28057151
2367,28057142
2368,28057135
2369,28057040
2370,28056787
2371,31364627
2372,31364735
2373,31364890
2374,31364901
2375,31364784
2376,31364802
2377,31364785
2378,29058823
2379,29059200
2380,29974713
2381,29974986
2382,29974974
2383,29974936
2384,29974995
2385,23341110
2386,23341102
2387,23341171
2388,23341168
2389,23341146
2390,23341112
2391,23341139
2392,23341138
2393,23341124
2394,23341258
2395,25060461
2396,25060332
2397,25060445
2398,25060277
2399,25060323
2400,25060324
2401,25060276
2402,25060419
2403,25060462
2404,25060274
2405,25060403
2406,25060303
2407,25060295
2408,25060342
2409,25250677
2410,25250661
2411,25250872
2412,25250863
2413,25250812
2414,25250810
2415,25250796
2416,25250772
2417,25250734
2418,25250725
2419,25250715
2420,25250687
2421,31412237
2422,31412270
2423,31412212
2424,31412170
2425,31412209
2426,27419487
2427,27419280
2428,27419395
2429,27419657
2430,27419648
2431,27419633
2432,28233218
2433,28233208
2434,29314800
2435,29314961
2436,29314931
2437,28717308
2438,27106693
2439,27108000
2440,27184900
2441,27185006
2442,27979602
2443,27979585
2444,27979583
2445,27979571
2446,27979670
2447,27979636
2448,27979770
2449,27979768
2450,27979718
2451,27986329
2452,27986326
2453,27986289
2454,27986352
2455,27986230
2456,27986215
2457,27986241
2458,27986257
2459,27986212
2460,27986272
2461,27987847
2462,27987727
2463,27987729
2464,27987763
2465,27987778
2466,27987723
2467,23578052
2468,23578060
2469,23578054
2470,23578058
2471,23578037
2472,23578075
2473,23578049
2474,23578073
2475,24769822
2476,26856576
2477,26856575
2478,26856574
2479,26856570
2480,26856560
2481,26856555
2482,26856550
2483,26856548
2484,26856545
2485,26856539
2486,26856535
2487,26856532
2488,26856531
2489,26856565
2490,26856529
2491,26856147
2492,26856144
2493,26856143
2494,26856140
2495,26856136
2496,26856134
2497,26856133
2498,32403697
2499,32403687
2500,32403686
2501,32403681
2502,32403675
2503,32403668
2504,32403658
2505,32403654
2506,32403647
2507,32403645
2508,32403627
2509,32403609
2510,32403607
2511,32403606
2512,32403602
2513,32403598
2514,23257088
2515,23256923
2516,25382499
2517,25382478
2518,25382430
2519,25382401
2520,25382511
2521,25382506
2522,27471245
2523,27471226
2524,27471241
2525,27471231
2526,27471297
2527,27471291
2528,27471234
2529,27471352
2530,27471218
2531,27477213
2532,27477198
2533,27477100
2534,27477265
2535,27477249
2536,27477243
2537,27496993
2538,27497061
2539,27497058
2540,27497060
2541,27496979
2542,27496989
2543,31984378
2544,31984476
2545,31984464
2546,31984450
2547,31984516
2548,27493952
2549,27494569
2550,27494615
2551,27494636
2552,27494640
2553,28052786
2554,28052765
2555,28053049
2556,28053037
2557,28053152
2558,28053125
2559,32861918
2560,32861882
2561,32861865
2562,32861814
2563,32873126
2564,29336176
2565,29336159
2566,30704965
2567,30704902
2568,30704848
2569,30704546
2570,30704706
2571,30704909
2572,30705153
2573,30704945
2574,30704393
2575,30704501
2576,30703945
2577,30703953
2578,30703976
2579,30705209
2580,30705224
2581,30705258
2582,30705252
2583,30705197
2584,30705229
2585,30705174
2586,33043227
2587,33043004
2588,33043263
